<?xml version="1.0" encoding="UTF-8"?>
<project-private xmlns="http://www.netbeans.org/ns/project-private/1">
    <editor-bookmarks xmlns="http://www.netbeans.org/ns/editor-bookmarks/2" lastBookmarkId="0"/>
    <open-files xmlns="http://www.netbeans.org/ns/projectui-open-files/2">
        <group>
            <file>file:/C:/Users/gabri/OneDrive/Documentos/NetBeansProjects/JavaFxteste/src/javafxteste2/Login.fxml</file>
            <file>file:/C:/Users/gabri/OneDrive/Documentos/NetBeansProjects/JavaFxteste/src/javafxteste/JavaFxteste.java</file>
            <file>file:/C:/Users/gabri/OneDrive/Documentos/NetBeansProjects/JavaFxteste/src/javafxteste2/Tela1.fxml</file>
        </group>
    </open-files>
</project-private>
